Wall time,Step,Value
1679712662.9004931,1,1.0436065196990967
1679713233.134779,2,0.38749316334724426
1679713802.618791,3,0.20280523598194122
1679714370.6367373,4,0.17322911322116852
1679714935.6765115,5,0.1158147007226944
1679715501.315039,6,0.09661024808883667
1679716065.8283062,7,0.09102227538824081
1679716626.4665658,8,0.06556937843561172
1679717185.9633808,9,0.12049990147352219
1679717760.8474257,10,0.0443083792924881
