Wall time,Step,Value
1679712662.9178412,1,0.800000011920929
1679713233.134779,2,0.9340000152587891
1679713802.618791,3,0.9580000042915344
1679714370.6367373,4,0.9580000042915344
1679714935.6765115,5,0.9639999866485596
1679715501.315039,6,0.9819999933242798
1679716065.8283062,7,0.9819999933242798
1679716626.4665658,8,0.9819999933242798
1679717185.9633808,9,0.9739999771118164
1679717760.8474257,10,0.9879999756813049
