Wall time,Step,Value
1679723177.0894966,1,0.8220000267028809
1679723852.986597,2,0.9259999990463257
1679724430.8019638,3,0.9620000123977661
1679725007.2108383,4,0.9679999947547913
1679725586.1430104,5,0.9599999785423279
