Wall time,Step,Value
1679723177.0864878,1,1.0249682664871216
1679723852.986597,2,0.3621083199977875
1679724430.8019638,3,0.19979169964790344
1679725007.2108383,4,0.13872604072093964
1679725586.1430104,5,0.142250657081604
